text,label
Alien spaceship discovered buried under Antarctic ice shelf by whistleblowers! NASA tries to cover up!,1
INSIDER LEAK: Major airline secretly uses teleportation technology but charges full ticket prices anyway!,1
SHOCKING SECRET: Secret government cabal uses tap water to control citizen minds! Click here before banned!,1
SHOCKING SECRET: Secret government cabal uses tap water to control citizen minds! Click here before banned!,1
The government approved a new infrastructure bill allocating billions for bridge and highway repairs nationwide.,0
SHOCKING DISCOVERY: Ancient cave painting depicts modern smartphones proving time travel already exists!,1
Billionaire masterminds plot to replace all clouds with artificial holographic projectors next month!,1
Exclusive leaked documents prove that dinosaurs never existed and fossils are manufactured in Chinese factories!,1
BANNED KNOWLEDGE: Whistleblower confirms the ocean is actually a giant holographic projection screen!,1
Police department announced a community policing initiative resulting in a twenty percent drop in petty crime.,0
Government insiders reveal secret moon base has been operational since 1972 with alien ambassadors!,1
Police department announced a community policing initiative resulting in a twenty percent drop in petty crime.,0
HIDDEN CAMERA FOOTAGE: Politicians caught shapeshifting into reptilian forms during closed door session!,1
Exclusive leaked documents prove that dinosaurs never existed and fossils are manufactured in Chinese factories!,1
SHOCKING DISCOVERY: Ancient cave painting depicts modern smartphones proving time travel already exists!,1
BANNED KNOWLEDGE: Whistleblower confirms the ocean is actually a giant holographic projection screen!,1
The central bank announced a 0.25 percent interest rate hike to combat rising inflation across domestic sectors.,0
Celebrity secretly admits on live broadcast that Earth is completely flat and gravity is an illusion!,1
Alien spaceship discovered buried under Antarctic ice shelf by whistleblowers! NASA tries to cover up!,1
Federal aviation authority cleared a new commercial drone delivery service for suburban residential areas.,0
EXPOSED: Popular smartphone apps transmit subconscious hypnotic frequencies while you sleep at night!,1
The national census bureau released updated population statistics showing urban migration trends continuing.,0
The government approved a new infrastructure bill allocating billions for bridge and highway repairs nationwide.,0
UNBELIEVABLE: Man drinks only soda for five years and becomes immortal with super physical strength!,1
Researchers at MIT published a groundbreaking paper on quantum computing error correction techniques.,0
Agricultural ministry introduced subsidized crop insurance programs for smallholder farmers in drought regions.,0
Scientists at the research institute have developed a new solar cell prototype with 30 percent higher efficiency.,0
Billionaire masterminds plot to replace all clouds with artificial holographic projectors next month!,1
MIRACLE CURE: Eating raw garlic mixed with motor oil cures all known illnesses overnight! Doctors furious!,1
UNBELIEVABLE: Man drinks only soda for five years and becomes immortal with super physical strength!,1
Global trade summit concluded with bilateral agreements signed between participating member nations.,0
Federal aviation authority cleared a new commercial drone delivery service for suburban residential areas.,0
Alien spaceship discovered buried under Antarctic ice shelf by whistleblowers! NASA tries to cover up!,1
Federal aviation authority cleared a new commercial drone delivery service for suburban residential areas.,0
Researchers at MIT published a groundbreaking paper on quantum computing error correction techniques.,0
The education department launched a digital literacy program targeting rural schools with limited internet access.,0
UNBELIEVABLE: Man drinks only soda for five years and becomes immortal with super physical strength!,1
BREAKING: Time traveler from the year 2099 arrives with urgent warning about robotic cat uprising!,1
Alien spaceship discovered buried under Antarctic ice shelf by whistleblowers! NASA tries to cover up!,1
Federal aviation authority cleared a new commercial drone delivery service for suburban residential areas.,0
Stock markets closed slightly higher following positive quarterly corporate earnings reports from major retail chains.,0
Police department announced a community policing initiative resulting in a twenty percent drop in petty crime.,0
International climate conference participants agreed on new carbon emission reduction targets for 2030.,0
WAKE UP PEOPLE: Secret world government meeting confirms plan to replace oxygen with artificial substitute!,1
Federal aviation authority cleared a new commercial drone delivery service for suburban residential areas.,0
Automotive manufacturer revealed plans for a new electric vehicle assembly plant creating thousands of jobs.,0
BREAKING: Time traveler from the year 2099 arrives with urgent warning about robotic cat uprising!,1
Alien spaceship discovered buried under Antarctic ice shelf by whistleblowers! NASA tries to cover up!,1
Federal aviation authority cleared a new commercial drone delivery service for suburban residential areas.,0
INSIDER LEAK: Major airline secretly uses teleportation technology but charges full ticket prices anyway!,1
URGENT WARNING: Scientists confirm drinking coffee backwards reverses aging by twenty years instantly!,1
BANNED KNOWLEDGE: Whistleblower confirms the ocean is actually a giant holographic projection screen!,1
Scientists at the research institute have developed a new solar cell prototype with 30 percent higher efficiency.,0
SHOCKING DISCOVERY: Ancient cave painting depicts modern smartphones proving time travel already exists!,1
Space agency engineers successfully launched the next-generation weather observation satellite into low Earth orbit.,0
Researchers at MIT published a groundbreaking paper on quantum computing error correction techniques.,0
INSIDER LEAK: Major airline secretly uses teleportation technology but charges full ticket prices anyway!,1
Researchers at MIT published a groundbreaking paper on quantum computing error correction techniques.,0
Scientists at the research institute have developed a new solar cell prototype with 30 percent higher efficiency.,0
SHOCKING SECRET: Secret government cabal uses tap water to control citizen minds! Click here before banned!,1
Police department announced a community policing initiative resulting in a twenty percent drop in petty crime.,0
The national census bureau released updated population statistics showing urban migration trends continuing.,0
MIRACLE CURE: Eating raw garlic mixed with motor oil cures all known illnesses overnight! Doctors furious!,1
Public transit authority confirmed the completion of the new subway extension connecting downtown to the airport.,0
BREAKING: Time traveler from the year 2099 arrives with urgent warning about robotic cat uprising!,1
BREAKING BOMBSHELL: Major tech company implanting microchips in keyboards to read your thoughts remotely!,1
MIRACLE CURE: Eating raw garlic mixed with motor oil cures all known illnesses overnight! Doctors furious!,1
Billionaire masterminds plot to replace all clouds with artificial holographic projectors next month!,1
Researchers at MIT published a groundbreaking paper on quantum computing error correction techniques.,0
Celebrity secretly admits on live broadcast that Earth is completely flat and gravity is an illusion!,1
University researchers published a peer-reviewed study detailing deep sea marine biodiversity preservation.,0
Local hospital chain reported a fifteen percent decrease in emergency room wait times after staffing reforms.,0
URGENT WARNING: Scientists confirm drinking coffee backwards reverses aging by twenty years instantly!,1
Alien spaceship discovered buried under Antarctic ice shelf by whistleblowers! NASA tries to cover up!,1
International climate conference participants agreed on new carbon emission reduction targets for 2030.,0
Public transit authority confirmed the completion of the new subway extension connecting downtown to the airport.,0
BREAKING BOMBSHELL: Major tech company implanting microchips in keyboards to read your thoughts remotely!,1
Federal aviation authority cleared a new commercial drone delivery service for suburban residential areas.,0
EXPOSED: Popular smartphone apps transmit subconscious hypnotic frequencies while you sleep at night!,1
University researchers published a peer-reviewed study detailing deep sea marine biodiversity preservation.,0
BANNED KNOWLEDGE: Whistleblower confirms the ocean is actually a giant holographic projection screen!,1
Global trade summit concluded with bilateral agreements signed between participating member nations.,0
Agricultural ministry introduced subsidized crop insurance programs for smallholder farmers in drought regions.,0
University researchers published a peer-reviewed study detailing deep sea marine biodiversity preservation.,0
The education department launched a digital literacy program targeting rural schools with limited internet access.,0
Secret underground laboratory breeds giant flying reptiles to replace traditional postal delivery drones!,1
SHOCKING DISCOVERY: Ancient cave painting depicts modern smartphones proving time travel already exists!,1
WAKE UP PEOPLE: Secret world government meeting confirms plan to replace oxygen with artificial substitute!,1
Exclusive leaked documents prove that dinosaurs never existed and fossils are manufactured in Chinese factories!,1
University researchers published a peer-reviewed study detailing deep sea marine biodiversity preservation.,0
The national football team secured a decisive 3-1 victory in the championship quarter-final match yesterday.,0
The government approved a new infrastructure bill allocating billions for bridge and highway repairs nationwide.,0
MIRACLE CURE: Eating raw garlic mixed with motor oil cures all known illnesses overnight! Doctors furious!,1
The education department launched a digital literacy program targeting rural schools with limited internet access.,0
UNBELIEVABLE: Man drinks only soda for five years and becomes immortal with super physical strength!,1
Police department announced a community policing initiative resulting in a twenty percent drop in petty crime.,0
BREAKING: Time traveler from the year 2099 arrives with urgent warning about robotic cat uprising!,1
Stock markets closed slightly higher following positive quarterly corporate earnings reports from major retail chains.,0
Space agency engineers successfully launched the next-generation weather observation satellite into low Earth orbit.,0
Billionaire masterminds plot to replace all clouds with artificial holographic projectors next month!,1
HIDDEN CAMERA FOOTAGE: Politicians caught shapeshifting into reptilian forms during closed door session!,1
The government approved a new infrastructure bill allocating billions for bridge and highway repairs nationwide.,0
HIDDEN CAMERA FOOTAGE: Politicians caught shapeshifting into reptilian forms during closed door session!,1
Police department announced a community policing initiative resulting in a twenty percent drop in petty crime.,0
VIRAL TRUTH: Eating chocolate cake for breakfast proven by shadow scientists to boost IQ by fifty points!,1
BREAKING: Time traveler from the year 2099 arrives with urgent warning about robotic cat uprising!,1
WAKE UP PEOPLE: Secret world government meeting confirms plan to replace oxygen with artificial substitute!,1
BANNED KNOWLEDGE: Whistleblower confirms the ocean is actually a giant holographic projection screen!,1
Stock markets closed slightly higher following positive quarterly corporate earnings reports from major retail chains.,0
INSIDER LEAK: Major airline secretly uses teleportation technology but charges full ticket prices anyway!,1
Secret underground laboratory breeds giant flying reptiles to replace traditional postal delivery drones!,1
Celebrity secretly admits on live broadcast that Earth is completely flat and gravity is an illusion!,1
"Ancient Egyptian pyramids were actually power plants built by extraterrestrials from Mars, new leak shows!",1
HIDDEN CAMERA FOOTAGE: Politicians caught shapeshifting into reptilian forms during closed door session!,1
Global trade summit concluded with bilateral agreements signed between participating member nations.,0
International climate conference participants agreed on new carbon emission reduction targets for 2030.,0
Ministry of Health released new guidelines for seasonal influenza vaccination targeting elderly populations.,0
SHOCKING DISCOVERY: Ancient cave painting depicts modern smartphones proving time travel already exists!,1
WAKE UP PEOPLE: Secret world government meeting confirms plan to replace oxygen with artificial substitute!,1
The national census bureau released updated population statistics showing urban migration trends continuing.,0
BREAKING BOMBSHELL: Major tech company implanting microchips in keyboards to read your thoughts remotely!,1
Technology consortium unveiled an open-source framework for benchmark testing large language models safely.,0
Exclusive leaked documents prove that dinosaurs never existed and fossils are manufactured in Chinese factories!,1
The central bank announced a 0.25 percent interest rate hike to combat rising inflation across domestic sectors.,0
Automotive manufacturer revealed plans for a new electric vehicle assembly plant creating thousands of jobs.,0
BANNED KNOWLEDGE: Whistleblower confirms the ocean is actually a giant holographic projection screen!,1
Celebrity secretly admits on live broadcast that Earth is completely flat and gravity is an illusion!,1
Technology consortium unveiled an open-source framework for benchmark testing large language models safely.,0
UNBELIEVABLE: Man drinks only soda for five years and becomes immortal with super physical strength!,1
SHOCKING SECRET: Secret government cabal uses tap water to control citizen minds! Click here before banned!,1
BANNED KNOWLEDGE: Whistleblower confirms the ocean is actually a giant holographic projection screen!,1
EXPOSED: Popular smartphone apps transmit subconscious hypnotic frequencies while you sleep at night!,1
Technology consortium unveiled an open-source framework for benchmark testing large language models safely.,0
VIRAL TRUTH: Eating chocolate cake for breakfast proven by shadow scientists to boost IQ by fifty points!,1
EXPOSED: Popular smartphone apps transmit subconscious hypnotic frequencies while you sleep at night!,1
Agricultural ministry introduced subsidized crop insurance programs for smallholder farmers in drought regions.,0
The central bank announced a 0.25 percent interest rate hike to combat rising inflation across domestic sectors.,0
Agricultural ministry introduced subsidized crop insurance programs for smallholder farmers in drought regions.,0
Technology consortium unveiled an open-source framework for benchmark testing large language models safely.,0
International climate conference participants agreed on new carbon emission reduction targets for 2030.,0
Ministry of Health released new guidelines for seasonal influenza vaccination targeting elderly populations.,0
University researchers published a peer-reviewed study detailing deep sea marine biodiversity preservation.,0
Alien spaceship discovered buried under Antarctic ice shelf by whistleblowers! NASA tries to cover up!,1
Scientists at the research institute have developed a new solar cell prototype with 30 percent higher efficiency.,0
Exclusive leaked documents prove that dinosaurs never existed and fossils are manufactured in Chinese factories!,1
WAKE UP PEOPLE: Secret world government meeting confirms plan to replace oxygen with artificial substitute!,1
URGENT WARNING: Scientists confirm drinking coffee backwards reverses aging by twenty years instantly!,1
Ministry of Health released new guidelines for seasonal influenza vaccination targeting elderly populations.,0
MIRACLE CURE: Eating raw garlic mixed with motor oil cures all known illnesses overnight! Doctors furious!,1
Scientists at the research institute have developed a new solar cell prototype with 30 percent higher efficiency.,0
Celebrity secretly admits on live broadcast that Earth is completely flat and gravity is an illusion!,1
The education department launched a digital literacy program targeting rural schools with limited internet access.,0
INSIDER LEAK: Major airline secretly uses teleportation technology but charges full ticket prices anyway!,1
Public transit authority confirmed the completion of the new subway extension connecting downtown to the airport.,0
Alien spaceship discovered buried under Antarctic ice shelf by whistleblowers! NASA tries to cover up!,1
The national football team secured a decisive 3-1 victory in the championship quarter-final match yesterday.,0
Public transit authority confirmed the completion of the new subway extension connecting downtown to the airport.,0
INSIDER LEAK: Major airline secretly uses teleportation technology but charges full ticket prices anyway!,1
The central bank announced a 0.25 percent interest rate hike to combat rising inflation across domestic sectors.,0
BREAKING: Time traveler from the year 2099 arrives with urgent warning about robotic cat uprising!,1
VIRAL TRUTH: Eating chocolate cake for breakfast proven by shadow scientists to boost IQ by fifty points!,1
UNBELIEVABLE: Man drinks only soda for five years and becomes immortal with super physical strength!,1
EXPOSED: Popular smartphone apps transmit subconscious hypnotic frequencies while you sleep at night!,1
URGENT WARNING: Scientists confirm drinking coffee backwards reverses aging by twenty years instantly!,1
"Ancient Egyptian pyramids were actually power plants built by extraterrestrials from Mars, new leak shows!",1
Secret underground laboratory breeds giant flying reptiles to replace traditional postal delivery drones!,1
The education department launched a digital literacy program targeting rural schools with limited internet access.,0
EXPOSED: Popular smartphone apps transmit subconscious hypnotic frequencies while you sleep at night!,1
The national census bureau released updated population statistics showing urban migration trends continuing.,0
Researchers at MIT published a groundbreaking paper on quantum computing error correction techniques.,0
Scientists at the research institute have developed a new solar cell prototype with 30 percent higher efficiency.,0
Federal aviation authority cleared a new commercial drone delivery service for suburban residential areas.,0
Researchers at MIT published a groundbreaking paper on quantum computing error correction techniques.,0
EXPOSED: Popular smartphone apps transmit subconscious hypnotic frequencies while you sleep at night!,1
Global trade summit concluded with bilateral agreements signed between participating member nations.,0
Space agency engineers successfully launched the next-generation weather observation satellite into low Earth orbit.,0
The national census bureau released updated population statistics showing urban migration trends continuing.,0
Federal aviation authority cleared a new commercial drone delivery service for suburban residential areas.,0
MIRACLE CURE: Eating raw garlic mixed with motor oil cures all known illnesses overnight! Doctors furious!,1
INSIDER LEAK: Major airline secretly uses teleportation technology but charges full ticket prices anyway!,1
The national census bureau released updated population statistics showing urban migration trends continuing.,0
URGENT WARNING: Scientists confirm drinking coffee backwards reverses aging by twenty years instantly!,1
Automotive manufacturer revealed plans for a new electric vehicle assembly plant creating thousands of jobs.,0
Billionaire masterminds plot to replace all clouds with artificial holographic projectors next month!,1
"Ancient Egyptian pyramids were actually power plants built by extraterrestrials from Mars, new leak shows!",1
Automotive manufacturer revealed plans for a new electric vehicle assembly plant creating thousands of jobs.,0
Agricultural ministry introduced subsidized crop insurance programs for smallholder farmers in drought regions.,0
Technology consortium unveiled an open-source framework for benchmark testing large language models safely.,0
MIRACLE CURE: Eating raw garlic mixed with motor oil cures all known illnesses overnight! Doctors furious!,1
EXPOSED: Popular smartphone apps transmit subconscious hypnotic frequencies while you sleep at night!,1
Secret underground laboratory breeds giant flying reptiles to replace traditional postal delivery drones!,1
EXPOSED: Popular smartphone apps transmit subconscious hypnotic frequencies while you sleep at night!,1
HIDDEN CAMERA FOOTAGE: Politicians caught shapeshifting into reptilian forms during closed door session!,1
Federal aviation authority cleared a new commercial drone delivery service for suburban residential areas.,0
Local hospital chain reported a fifteen percent decrease in emergency room wait times after staffing reforms.,0
Stock markets closed slightly higher following positive quarterly corporate earnings reports from major retail chains.,0
International climate conference participants agreed on new carbon emission reduction targets for 2030.,0
Stock markets closed slightly higher following positive quarterly corporate earnings reports from major retail chains.,0
Exclusive leaked documents prove that dinosaurs never existed and fossils are manufactured in Chinese factories!,1
The education department launched a digital literacy program targeting rural schools with limited internet access.,0
Public transit authority confirmed the completion of the new subway extension connecting downtown to the airport.,0
VIRAL TRUTH: Eating chocolate cake for breakfast proven by shadow scientists to boost IQ by fifty points!,1
VIRAL TRUTH: Eating chocolate cake for breakfast proven by shadow scientists to boost IQ by fifty points!,1
INSIDER LEAK: Major airline secretly uses teleportation technology but charges full ticket prices anyway!,1
HIDDEN CAMERA FOOTAGE: Politicians caught shapeshifting into reptilian forms during closed door session!,1
HIDDEN CAMERA FOOTAGE: Politicians caught shapeshifting into reptilian forms during closed door session!,1
Technology consortium unveiled an open-source framework for benchmark testing large language models safely.,0
SHOCKING DISCOVERY: Ancient cave painting depicts modern smartphones proving time travel already exists!,1
Agricultural ministry introduced subsidized crop insurance programs for smallholder farmers in drought regions.,0
BREAKING: Time traveler from the year 2099 arrives with urgent warning about robotic cat uprising!,1
Technology consortium unveiled an open-source framework for benchmark testing large language models safely.,0
Scientists at the research institute have developed a new solar cell prototype with 30 percent higher efficiency.,0
"Ancient Egyptian pyramids were actually power plants built by extraterrestrials from Mars, new leak shows!",1
UNBELIEVABLE: Man drinks only soda for five years and becomes immortal with super physical strength!,1
VIRAL TRUTH: Eating chocolate cake for breakfast proven by shadow scientists to boost IQ by fifty points!,1
The government approved a new infrastructure bill allocating billions for bridge and highway repairs nationwide.,0
BREAKING: Time traveler from the year 2099 arrives with urgent warning about robotic cat uprising!,1
Public transit authority confirmed the completion of the new subway extension connecting downtown to the airport.,0
UNBELIEVABLE: Man drinks only soda for five years and becomes immortal with super physical strength!,1
Secret underground laboratory breeds giant flying reptiles to replace traditional postal delivery drones!,1
Technology consortium unveiled an open-source framework for benchmark testing large language models safely.,0
WAKE UP PEOPLE: Secret world government meeting confirms plan to replace oxygen with artificial substitute!,1
VIRAL TRUTH: Eating chocolate cake for breakfast proven by shadow scientists to boost IQ by fifty points!,1
Public transit authority confirmed the completion of the new subway extension connecting downtown to the airport.,0
HIDDEN CAMERA FOOTAGE: Politicians caught shapeshifting into reptilian forms during closed door session!,1
The national football team secured a decisive 3-1 victory in the championship quarter-final match yesterday.,0
BREAKING: Time traveler from the year 2099 arrives with urgent warning about robotic cat uprising!,1
Researchers at MIT published a groundbreaking paper on quantum computing error correction techniques.,0
BREAKING: Time traveler from the year 2099 arrives with urgent warning about robotic cat uprising!,1
HIDDEN CAMERA FOOTAGE: Politicians caught shapeshifting into reptilian forms during closed door session!,1
Ministry of Health released new guidelines for seasonal influenza vaccination targeting elderly populations.,0
WAKE UP PEOPLE: Secret world government meeting confirms plan to replace oxygen with artificial substitute!,1
Scientists at the research institute have developed a new solar cell prototype with 30 percent higher efficiency.,0
VIRAL TRUTH: Eating chocolate cake for breakfast proven by shadow scientists to boost IQ by fifty points!,1
Local hospital chain reported a fifteen percent decrease in emergency room wait times after staffing reforms.,0
The government approved a new infrastructure bill allocating billions for bridge and highway repairs nationwide.,0
The government approved a new infrastructure bill allocating billions for bridge and highway repairs nationwide.,0
Celebrity secretly admits on live broadcast that Earth is completely flat and gravity is an illusion!,1
International climate conference participants agreed on new carbon emission reduction targets for 2030.,0
Local hospital chain reported a fifteen percent decrease in emergency room wait times after staffing reforms.,0
Space agency engineers successfully launched the next-generation weather observation satellite into low Earth orbit.,0
Ministry of Health released new guidelines for seasonal influenza vaccination targeting elderly populations.,0
WAKE UP PEOPLE: Secret world government meeting confirms plan to replace oxygen with artificial substitute!,1
BANNED KNOWLEDGE: Whistleblower confirms the ocean is actually a giant holographic projection screen!,1
Global trade summit concluded with bilateral agreements signed between participating member nations.,0
Public transit authority confirmed the completion of the new subway extension connecting downtown to the airport.,0
Researchers at MIT published a groundbreaking paper on quantum computing error correction techniques.,0
Automotive manufacturer revealed plans for a new electric vehicle assembly plant creating thousands of jobs.,0
Ministry of Health released new guidelines for seasonal influenza vaccination targeting elderly populations.,0
Global trade summit concluded with bilateral agreements signed between participating member nations.,0
The national football team secured a decisive 3-1 victory in the championship quarter-final match yesterday.,0
Government insiders reveal secret moon base has been operational since 1972 with alien ambassadors!,1
EXPOSED: Popular smartphone apps transmit subconscious hypnotic frequencies while you sleep at night!,1
WAKE UP PEOPLE: Secret world government meeting confirms plan to replace oxygen with artificial substitute!,1
The education department launched a digital literacy program targeting rural schools with limited internet access.,0
Space agency engineers successfully launched the next-generation weather observation satellite into low Earth orbit.,0
BANNED KNOWLEDGE: Whistleblower confirms the ocean is actually a giant holographic projection screen!,1
HIDDEN CAMERA FOOTAGE: Politicians caught shapeshifting into reptilian forms during closed door session!,1
MIRACLE CURE: Eating raw garlic mixed with motor oil cures all known illnesses overnight! Doctors furious!,1
Technology consortium unveiled an open-source framework for benchmark testing large language models safely.,0
Government insiders reveal secret moon base has been operational since 1972 with alien ambassadors!,1
Technology consortium unveiled an open-source framework for benchmark testing large language models safely.,0
Automotive manufacturer revealed plans for a new electric vehicle assembly plant creating thousands of jobs.,0
Global trade summit concluded with bilateral agreements signed between participating member nations.,0
Automotive manufacturer revealed plans for a new electric vehicle assembly plant creating thousands of jobs.,0
Secret underground laboratory breeds giant flying reptiles to replace traditional postal delivery drones!,1
SHOCKING DISCOVERY: Ancient cave painting depicts modern smartphones proving time travel already exists!,1
The central bank announced a 0.25 percent interest rate hike to combat rising inflation across domestic sectors.,0
Government insiders reveal secret moon base has been operational since 1972 with alien ambassadors!,1
Scientists at the research institute have developed a new solar cell prototype with 30 percent higher efficiency.,0
Researchers at MIT published a groundbreaking paper on quantum computing error correction techniques.,0
The education department launched a digital literacy program targeting rural schools with limited internet access.,0
SHOCKING SECRET: Secret government cabal uses tap water to control citizen minds! Click here before banned!,1
Researchers at MIT published a groundbreaking paper on quantum computing error correction techniques.,0
Celebrity secretly admits on live broadcast that Earth is completely flat and gravity is an illusion!,1
Public transit authority confirmed the completion of the new subway extension connecting downtown to the airport.,0
Police department announced a community policing initiative resulting in a twenty percent drop in petty crime.,0
Celebrity secretly admits on live broadcast that Earth is completely flat and gravity is an illusion!,1
Scientists at the research institute have developed a new solar cell prototype with 30 percent higher efficiency.,0
Celebrity secretly admits on live broadcast that Earth is completely flat and gravity is an illusion!,1
UNBELIEVABLE: Man drinks only soda for five years and becomes immortal with super physical strength!,1
INSIDER LEAK: Major airline secretly uses teleportation technology but charges full ticket prices anyway!,1
Federal aviation authority cleared a new commercial drone delivery service for suburban residential areas.,0
Researchers at MIT published a groundbreaking paper on quantum computing error correction techniques.,0
The government approved a new infrastructure bill allocating billions for bridge and highway repairs nationwide.,0
INSIDER LEAK: Major airline secretly uses teleportation technology but charges full ticket prices anyway!,1
Federal aviation authority cleared a new commercial drone delivery service for suburban residential areas.,0
Public transit authority confirmed the completion of the new subway extension connecting downtown to the airport.,0
University researchers published a peer-reviewed study detailing deep sea marine biodiversity preservation.,0
URGENT WARNING: Scientists confirm drinking coffee backwards reverses aging by twenty years instantly!,1
Billionaire masterminds plot to replace all clouds with artificial holographic projectors next month!,1
HIDDEN CAMERA FOOTAGE: Politicians caught shapeshifting into reptilian forms during closed door session!,1
Alien spaceship discovered buried under Antarctic ice shelf by whistleblowers! NASA tries to cover up!,1
Ministry of Health released new guidelines for seasonal influenza vaccination targeting elderly populations.,0
The national football team secured a decisive 3-1 victory in the championship quarter-final match yesterday.,0
Stock markets closed slightly higher following positive quarterly corporate earnings reports from major retail chains.,0
VIRAL TRUTH: Eating chocolate cake for breakfast proven by shadow scientists to boost IQ by fifty points!,1
Stock markets closed slightly higher following positive quarterly corporate earnings reports from major retail chains.,0
University researchers published a peer-reviewed study detailing deep sea marine biodiversity preservation.,0
Agricultural ministry introduced subsidized crop insurance programs for smallholder farmers in drought regions.,0
Alien spaceship discovered buried under Antarctic ice shelf by whistleblowers! NASA tries to cover up!,1
The central bank announced a 0.25 percent interest rate hike to combat rising inflation across domestic sectors.,0
The national football team secured a decisive 3-1 victory in the championship quarter-final match yesterday.,0
The national football team secured a decisive 3-1 victory in the championship quarter-final match yesterday.,0
SHOCKING DISCOVERY: Ancient cave painting depicts modern smartphones proving time travel already exists!,1
EXPOSED: Popular smartphone apps transmit subconscious hypnotic frequencies while you sleep at night!,1
The national census bureau released updated population statistics showing urban migration trends continuing.,0
HIDDEN CAMERA FOOTAGE: Politicians caught shapeshifting into reptilian forms during closed door session!,1
WAKE UP PEOPLE: Secret world government meeting confirms plan to replace oxygen with artificial substitute!,1
UNBELIEVABLE: Man drinks only soda for five years and becomes immortal with super physical strength!,1
WAKE UP PEOPLE: Secret world government meeting confirms plan to replace oxygen with artificial substitute!,1
URGENT WARNING: Scientists confirm drinking coffee backwards reverses aging by twenty years instantly!,1
Alien spaceship discovered buried under Antarctic ice shelf by whistleblowers! NASA tries to cover up!,1
UNBELIEVABLE: Man drinks only soda for five years and becomes immortal with super physical strength!,1
Stock markets closed slightly higher following positive quarterly corporate earnings reports from major retail chains.,0
Local hospital chain reported a fifteen percent decrease in emergency room wait times after staffing reforms.,0
Stock markets closed slightly higher following positive quarterly corporate earnings reports from major retail chains.,0
International climate conference participants agreed on new carbon emission reduction targets for 2030.,0
Secret underground laboratory breeds giant flying reptiles to replace traditional postal delivery drones!,1
International climate conference participants agreed on new carbon emission reduction targets for 2030.,0
Federal aviation authority cleared a new commercial drone delivery service for suburban residential areas.,0
Stock markets closed slightly higher following positive quarterly corporate earnings reports from major retail chains.,0
The national football team secured a decisive 3-1 victory in the championship quarter-final match yesterday.,0
Secret underground laboratory breeds giant flying reptiles to replace traditional postal delivery drones!,1
INSIDER LEAK: Major airline secretly uses teleportation technology but charges full ticket prices anyway!,1
Billionaire masterminds plot to replace all clouds with artificial holographic projectors next month!,1
The national football team secured a decisive 3-1 victory in the championship quarter-final match yesterday.,0
Technology consortium unveiled an open-source framework for benchmark testing large language models safely.,0
Government insiders reveal secret moon base has been operational since 1972 with alien ambassadors!,1
Local hospital chain reported a fifteen percent decrease in emergency room wait times after staffing reforms.,0
Celebrity secretly admits on live broadcast that Earth is completely flat and gravity is an illusion!,1
The government approved a new infrastructure bill allocating billions for bridge and highway repairs nationwide.,0
MIRACLE CURE: Eating raw garlic mixed with motor oil cures all known illnesses overnight! Doctors furious!,1
EXPOSED: Popular smartphone apps transmit subconscious hypnotic frequencies while you sleep at night!,1
The central bank announced a 0.25 percent interest rate hike to combat rising inflation across domestic sectors.,0
Police department announced a community policing initiative resulting in a twenty percent drop in petty crime.,0
Billionaire masterminds plot to replace all clouds with artificial holographic projectors next month!,1
UNBELIEVABLE: Man drinks only soda for five years and becomes immortal with super physical strength!,1
BREAKING BOMBSHELL: Major tech company implanting microchips in keyboards to read your thoughts remotely!,1
BREAKING BOMBSHELL: Major tech company implanting microchips in keyboards to read your thoughts remotely!,1
Automotive manufacturer revealed plans for a new electric vehicle assembly plant creating thousands of jobs.,0
Ministry of Health released new guidelines for seasonal influenza vaccination targeting elderly populations.,0
International climate conference participants agreed on new carbon emission reduction targets for 2030.,0
Technology consortium unveiled an open-source framework for benchmark testing large language models safely.,0
The national census bureau released updated population statistics showing urban migration trends continuing.,0
The central bank announced a 0.25 percent interest rate hike to combat rising inflation across domestic sectors.,0
BREAKING BOMBSHELL: Major tech company implanting microchips in keyboards to read your thoughts remotely!,1
Celebrity secretly admits on live broadcast that Earth is completely flat and gravity is an illusion!,1
Researchers at MIT published a groundbreaking paper on quantum computing error correction techniques.,0
BANNED KNOWLEDGE: Whistleblower confirms the ocean is actually a giant holographic projection screen!,1
Scientists at the research institute have developed a new solar cell prototype with 30 percent higher efficiency.,0
The national census bureau released updated population statistics showing urban migration trends continuing.,0
VIRAL TRUTH: Eating chocolate cake for breakfast proven by shadow scientists to boost IQ by fifty points!,1
Public transit authority confirmed the completion of the new subway extension connecting downtown to the airport.,0
The government approved a new infrastructure bill allocating billions for bridge and highway repairs nationwide.,0
The government approved a new infrastructure bill allocating billions for bridge and highway repairs nationwide.,0
The central bank announced a 0.25 percent interest rate hike to combat rising inflation across domestic sectors.,0
Ministry of Health released new guidelines for seasonal influenza vaccination targeting elderly populations.,0
Global trade summit concluded with bilateral agreements signed between participating member nations.,0
Ministry of Health released new guidelines for seasonal influenza vaccination targeting elderly populations.,0
Space agency engineers successfully launched the next-generation weather observation satellite into low Earth orbit.,0
SHOCKING SECRET: Secret government cabal uses tap water to control citizen minds! Click here before banned!,1
Agricultural ministry introduced subsidized crop insurance programs for smallholder farmers in drought regions.,0
Researchers at MIT published a groundbreaking paper on quantum computing error correction techniques.,0
Ministry of Health released new guidelines for seasonal influenza vaccination targeting elderly populations.,0
Stock markets closed slightly higher following positive quarterly corporate earnings reports from major retail chains.,0
Exclusive leaked documents prove that dinosaurs never existed and fossils are manufactured in Chinese factories!,1
Local hospital chain reported a fifteen percent decrease in emergency room wait times after staffing reforms.,0
Stock markets closed slightly higher following positive quarterly corporate earnings reports from major retail chains.,0
BREAKING BOMBSHELL: Major tech company implanting microchips in keyboards to read your thoughts remotely!,1
Public transit authority confirmed the completion of the new subway extension connecting downtown to the airport.,0
"Ancient Egyptian pyramids were actually power plants built by extraterrestrials from Mars, new leak shows!",1
The central bank announced a 0.25 percent interest rate hike to combat rising inflation across domestic sectors.,0
Local hospital chain reported a fifteen percent decrease in emergency room wait times after staffing reforms.,0
Global trade summit concluded with bilateral agreements signed between participating member nations.,0
"Ancient Egyptian pyramids were actually power plants built by extraterrestrials from Mars, new leak shows!",1
The education department launched a digital literacy program targeting rural schools with limited internet access.,0
Local hospital chain reported a fifteen percent decrease in emergency room wait times after staffing reforms.,0
URGENT WARNING: Scientists confirm drinking coffee backwards reverses aging by twenty years instantly!,1
Exclusive leaked documents prove that dinosaurs never existed and fossils are manufactured in Chinese factories!,1
The education department launched a digital literacy program targeting rural schools with limited internet access.,0
Technology consortium unveiled an open-source framework for benchmark testing large language models safely.,0
BREAKING BOMBSHELL: Major tech company implanting microchips in keyboards to read your thoughts remotely!,1
The national census bureau released updated population statistics showing urban migration trends continuing.,0
The central bank announced a 0.25 percent interest rate hike to combat rising inflation across domestic sectors.,0
Celebrity secretly admits on live broadcast that Earth is completely flat and gravity is an illusion!,1
SHOCKING SECRET: Secret government cabal uses tap water to control citizen minds! Click here before banned!,1
International climate conference participants agreed on new carbon emission reduction targets for 2030.,0
URGENT WARNING: Scientists confirm drinking coffee backwards reverses aging by twenty years instantly!,1
WAKE UP PEOPLE: Secret world government meeting confirms plan to replace oxygen with artificial substitute!,1
Technology consortium unveiled an open-source framework for benchmark testing large language models safely.,0
Scientists at the research institute have developed a new solar cell prototype with 30 percent higher efficiency.,0
HIDDEN CAMERA FOOTAGE: Politicians caught shapeshifting into reptilian forms during closed door session!,1
Stock markets closed slightly higher following positive quarterly corporate earnings reports from major retail chains.,0
Secret underground laboratory breeds giant flying reptiles to replace traditional postal delivery drones!,1
Police department announced a community policing initiative resulting in a twenty percent drop in petty crime.,0
Technology consortium unveiled an open-source framework for benchmark testing large language models safely.,0
The national football team secured a decisive 3-1 victory in the championship quarter-final match yesterday.,0
INSIDER LEAK: Major airline secretly uses teleportation technology but charges full ticket prices anyway!,1
INSIDER LEAK: Major airline secretly uses teleportation technology but charges full ticket prices anyway!,1
Ministry of Health released new guidelines for seasonal influenza vaccination targeting elderly populations.,0
University researchers published a peer-reviewed study detailing deep sea marine biodiversity preservation.,0
BANNED KNOWLEDGE: Whistleblower confirms the ocean is actually a giant holographic projection screen!,1
Government insiders reveal secret moon base has been operational since 1972 with alien ambassadors!,1
SHOCKING DISCOVERY: Ancient cave painting depicts modern smartphones proving time travel already exists!,1
WAKE UP PEOPLE: Secret world government meeting confirms plan to replace oxygen with artificial substitute!,1
Billionaire masterminds plot to replace all clouds with artificial holographic projectors next month!,1
The education department launched a digital literacy program targeting rural schools with limited internet access.,0
The government approved a new infrastructure bill allocating billions for bridge and highway repairs nationwide.,0
UNBELIEVABLE: Man drinks only soda for five years and becomes immortal with super physical strength!,1
HIDDEN CAMERA FOOTAGE: Politicians caught shapeshifting into reptilian forms during closed door session!,1
SHOCKING SECRET: Secret government cabal uses tap water to control citizen minds! Click here before banned!,1
Alien spaceship discovered buried under Antarctic ice shelf by whistleblowers! NASA tries to cover up!,1
Ministry of Health released new guidelines for seasonal influenza vaccination targeting elderly populations.,0
INSIDER LEAK: Major airline secretly uses teleportation technology but charges full ticket prices anyway!,1
URGENT WARNING: Scientists confirm drinking coffee backwards reverses aging by twenty years instantly!,1
MIRACLE CURE: Eating raw garlic mixed with motor oil cures all known illnesses overnight! Doctors furious!,1
BREAKING BOMBSHELL: Major tech company implanting microchips in keyboards to read your thoughts remotely!,1
SHOCKING DISCOVERY: Ancient cave painting depicts modern smartphones proving time travel already exists!,1
University researchers published a peer-reviewed study detailing deep sea marine biodiversity preservation.,0
The education department launched a digital literacy program targeting rural schools with limited internet access.,0
VIRAL TRUTH: Eating chocolate cake for breakfast proven by shadow scientists to boost IQ by fifty points!,1
Space agency engineers successfully launched the next-generation weather observation satellite into low Earth orbit.,0
Secret underground laboratory breeds giant flying reptiles to replace traditional postal delivery drones!,1
Local hospital chain reported a fifteen percent decrease in emergency room wait times after staffing reforms.,0
University researchers published a peer-reviewed study detailing deep sea marine biodiversity preservation.,0
Space agency engineers successfully launched the next-generation weather observation satellite into low Earth orbit.,0
Scientists at the research institute have developed a new solar cell prototype with 30 percent higher efficiency.,0
SHOCKING DISCOVERY: Ancient cave painting depicts modern smartphones proving time travel already exists!,1
International climate conference participants agreed on new carbon emission reduction targets for 2030.,0
Technology consortium unveiled an open-source framework for benchmark testing large language models safely.,0
The central bank announced a 0.25 percent interest rate hike to combat rising inflation across domestic sectors.,0
The national census bureau released updated population statistics showing urban migration trends continuing.,0
Police department announced a community policing initiative resulting in a twenty percent drop in petty crime.,0
The education department launched a digital literacy program targeting rural schools with limited internet access.,0
International climate conference participants agreed on new carbon emission reduction targets for 2030.,0
The national football team secured a decisive 3-1 victory in the championship quarter-final match yesterday.,0
Stock markets closed slightly higher following positive quarterly corporate earnings reports from major retail chains.,0
Alien spaceship discovered buried under Antarctic ice shelf by whistleblowers! NASA tries to cover up!,1
VIRAL TRUTH: Eating chocolate cake for breakfast proven by shadow scientists to boost IQ by fifty points!,1
Space agency engineers successfully launched the next-generation weather observation satellite into low Earth orbit.,0
BREAKING BOMBSHELL: Major tech company implanting microchips in keyboards to read your thoughts remotely!,1
URGENT WARNING: Scientists confirm drinking coffee backwards reverses aging by twenty years instantly!,1
Exclusive leaked documents prove that dinosaurs never existed and fossils are manufactured in Chinese factories!,1
"Ancient Egyptian pyramids were actually power plants built by extraterrestrials from Mars, new leak shows!",1
MIRACLE CURE: Eating raw garlic mixed with motor oil cures all known illnesses overnight! Doctors furious!,1
Exclusive leaked documents prove that dinosaurs never existed and fossils are manufactured in Chinese factories!,1
Police department announced a community policing initiative resulting in a twenty percent drop in petty crime.,0
"Ancient Egyptian pyramids were actually power plants built by extraterrestrials from Mars, new leak shows!",1
Exclusive leaked documents prove that dinosaurs never existed and fossils are manufactured in Chinese factories!,1
"Ancient Egyptian pyramids were actually power plants built by extraterrestrials from Mars, new leak shows!",1
Exclusive leaked documents prove that dinosaurs never existed and fossils are manufactured in Chinese factories!,1
Local hospital chain reported a fifteen percent decrease in emergency room wait times after staffing reforms.,0
Space agency engineers successfully launched the next-generation weather observation satellite into low Earth orbit.,0
Stock markets closed slightly higher following positive quarterly corporate earnings reports from major retail chains.,0
WAKE UP PEOPLE: Secret world government meeting confirms plan to replace oxygen with artificial substitute!,1
"Ancient Egyptian pyramids were actually power plants built by extraterrestrials from Mars, new leak shows!",1
EXPOSED: Popular smartphone apps transmit subconscious hypnotic frequencies while you sleep at night!,1
Agricultural ministry introduced subsidized crop insurance programs for smallholder farmers in drought regions.,0
International climate conference participants agreed on new carbon emission reduction targets for 2030.,0
The national census bureau released updated population statistics showing urban migration trends continuing.,0
Local hospital chain reported a fifteen percent decrease in emergency room wait times after staffing reforms.,0
SHOCKING DISCOVERY: Ancient cave painting depicts modern smartphones proving time travel already exists!,1
Alien spaceship discovered buried under Antarctic ice shelf by whistleblowers! NASA tries to cover up!,1
Researchers at MIT published a groundbreaking paper on quantum computing error correction techniques.,0
Ministry of Health released new guidelines for seasonal influenza vaccination targeting elderly populations.,0
The national census bureau released updated population statistics showing urban migration trends continuing.,0
Automotive manufacturer revealed plans for a new electric vehicle assembly plant creating thousands of jobs.,0
"Ancient Egyptian pyramids were actually power plants built by extraterrestrials from Mars, new leak shows!",1
Automotive manufacturer revealed plans for a new electric vehicle assembly plant creating thousands of jobs.,0
Public transit authority confirmed the completion of the new subway extension connecting downtown to the airport.,0
International climate conference participants agreed on new carbon emission reduction targets for 2030.,0
URGENT WARNING: Scientists confirm drinking coffee backwards reverses aging by twenty years instantly!,1
Public transit authority confirmed the completion of the new subway extension connecting downtown to the airport.,0
Police department announced a community policing initiative resulting in a twenty percent drop in petty crime.,0
Secret underground laboratory breeds giant flying reptiles to replace traditional postal delivery drones!,1
Alien spaceship discovered buried under Antarctic ice shelf by whistleblowers! NASA tries to cover up!,1
Exclusive leaked documents prove that dinosaurs never existed and fossils are manufactured in Chinese factories!,1
"Ancient Egyptian pyramids were actually power plants built by extraterrestrials from Mars, new leak shows!",1
Exclusive leaked documents prove that dinosaurs never existed and fossils are manufactured in Chinese factories!,1
Government insiders reveal secret moon base has been operational since 1972 with alien ambassadors!,1
The national census bureau released updated population statistics showing urban migration trends continuing.,0
The government approved a new infrastructure bill allocating billions for bridge and highway repairs nationwide.,0
Police department announced a community policing initiative resulting in a twenty percent drop in petty crime.,0
Exclusive leaked documents prove that dinosaurs never existed and fossils are manufactured in Chinese factories!,1
Space agency engineers successfully launched the next-generation weather observation satellite into low Earth orbit.,0
The national football team secured a decisive 3-1 victory in the championship quarter-final match yesterday.,0
Public transit authority confirmed the completion of the new subway extension connecting downtown to the airport.,0
University researchers published a peer-reviewed study detailing deep sea marine biodiversity preservation.,0
Automotive manufacturer revealed plans for a new electric vehicle assembly plant creating thousands of jobs.,0
HIDDEN CAMERA FOOTAGE: Politicians caught shapeshifting into reptilian forms during closed door session!,1
INSIDER LEAK: Major airline secretly uses teleportation technology but charges full ticket prices anyway!,1
HIDDEN CAMERA FOOTAGE: Politicians caught shapeshifting into reptilian forms during closed door session!,1
The central bank announced a 0.25 percent interest rate hike to combat rising inflation across domestic sectors.,0
Global trade summit concluded with bilateral agreements signed between participating member nations.,0
The education department launched a digital literacy program targeting rural schools with limited internet access.,0
Ministry of Health released new guidelines for seasonal influenza vaccination targeting elderly populations.,0
Police department announced a community policing initiative resulting in a twenty percent drop in petty crime.,0
URGENT WARNING: Scientists confirm drinking coffee backwards reverses aging by twenty years instantly!,1
MIRACLE CURE: Eating raw garlic mixed with motor oil cures all known illnesses overnight! Doctors furious!,1
SHOCKING SECRET: Secret government cabal uses tap water to control citizen minds! Click here before banned!,1
Automotive manufacturer revealed plans for a new electric vehicle assembly plant creating thousands of jobs.,0
Agricultural ministry introduced subsidized crop insurance programs for smallholder farmers in drought regions.,0
Government insiders reveal secret moon base has been operational since 1972 with alien ambassadors!,1
Exclusive leaked documents prove that dinosaurs never existed and fossils are manufactured in Chinese factories!,1
SHOCKING SECRET: Secret government cabal uses tap water to control citizen minds! Click here before banned!,1
BREAKING: Time traveler from the year 2099 arrives with urgent warning about robotic cat uprising!,1
Space agency engineers successfully launched the next-generation weather observation satellite into low Earth orbit.,0
HIDDEN CAMERA FOOTAGE: Politicians caught shapeshifting into reptilian forms during closed door session!,1
Government insiders reveal secret moon base has been operational since 1972 with alien ambassadors!,1
Automotive manufacturer revealed plans for a new electric vehicle assembly plant creating thousands of jobs.,0
SHOCKING DISCOVERY: Ancient cave painting depicts modern smartphones proving time travel already exists!,1
Agricultural ministry introduced subsidized crop insurance programs for smallholder farmers in drought regions.,0
Agricultural ministry introduced subsidized crop insurance programs for smallholder farmers in drought regions.,0
Ministry of Health released new guidelines for seasonal influenza vaccination targeting elderly populations.,0
SHOCKING DISCOVERY: Ancient cave painting depicts modern smartphones proving time travel already exists!,1
The national football team secured a decisive 3-1 victory in the championship quarter-final match yesterday.,0
Federal aviation authority cleared a new commercial drone delivery service for suburban residential areas.,0
Celebrity secretly admits on live broadcast that Earth is completely flat and gravity is an illusion!,1
The national football team secured a decisive 3-1 victory in the championship quarter-final match yesterday.,0
Police department announced a community policing initiative resulting in a twenty percent drop in petty crime.,0
Billionaire masterminds plot to replace all clouds with artificial holographic projectors next month!,1
Alien spaceship discovered buried under Antarctic ice shelf by whistleblowers! NASA tries to cover up!,1
The central bank announced a 0.25 percent interest rate hike to combat rising inflation across domestic sectors.,0
The government approved a new infrastructure bill allocating billions for bridge and highway repairs nationwide.,0
Government insiders reveal secret moon base has been operational since 1972 with alien ambassadors!,1
Exclusive leaked documents prove that dinosaurs never existed and fossils are manufactured in Chinese factories!,1
Space agency engineers successfully launched the next-generation weather observation satellite into low Earth orbit.,0
URGENT WARNING: Scientists confirm drinking coffee backwards reverses aging by twenty years instantly!,1
Local hospital chain reported a fifteen percent decrease in emergency room wait times after staffing reforms.,0
SHOCKING DISCOVERY: Ancient cave painting depicts modern smartphones proving time travel already exists!,1
Stock markets closed slightly higher following positive quarterly corporate earnings reports from major retail chains.,0
MIRACLE CURE: Eating raw garlic mixed with motor oil cures all known illnesses overnight! Doctors furious!,1
Ministry of Health released new guidelines for seasonal influenza vaccination targeting elderly populations.,0
BREAKING: Time traveler from the year 2099 arrives with urgent warning about robotic cat uprising!,1
The national census bureau released updated population statistics showing urban migration trends continuing.,0
Local hospital chain reported a fifteen percent decrease in emergency room wait times after staffing reforms.,0
Agricultural ministry introduced subsidized crop insurance programs for smallholder farmers in drought regions.,0
URGENT WARNING: Scientists confirm drinking coffee backwards reverses aging by twenty years instantly!,1
Global trade summit concluded with bilateral agreements signed between participating member nations.,0
Stock markets closed slightly higher following positive quarterly corporate earnings reports from major retail chains.,0
The government approved a new infrastructure bill allocating billions for bridge and highway repairs nationwide.,0
Police department announced a community policing initiative resulting in a twenty percent drop in petty crime.,0
University researchers published a peer-reviewed study detailing deep sea marine biodiversity preservation.,0
Automotive manufacturer revealed plans for a new electric vehicle assembly plant creating thousands of jobs.,0
Celebrity secretly admits on live broadcast that Earth is completely flat and gravity is an illusion!,1
BREAKING BOMBSHELL: Major tech company implanting microchips in keyboards to read your thoughts remotely!,1
"Ancient Egyptian pyramids were actually power plants built by extraterrestrials from Mars, new leak shows!",1
Government insiders reveal secret moon base has been operational since 1972 with alien ambassadors!,1
Global trade summit concluded with bilateral agreements signed between participating member nations.,0
Police department announced a community policing initiative resulting in a twenty percent drop in petty crime.,0
Local hospital chain reported a fifteen percent decrease in emergency room wait times after staffing reforms.,0
Exclusive leaked documents prove that dinosaurs never existed and fossils are manufactured in Chinese factories!,1
Automotive manufacturer revealed plans for a new electric vehicle assembly plant creating thousands of jobs.,0
Celebrity secretly admits on live broadcast that Earth is completely flat and gravity is an illusion!,1
BREAKING BOMBSHELL: Major tech company implanting microchips in keyboards to read your thoughts remotely!,1
Public transit authority confirmed the completion of the new subway extension connecting downtown to the airport.,0
Stock markets closed slightly higher following positive quarterly corporate earnings reports from major retail chains.,0
Global trade summit concluded with bilateral agreements signed between participating member nations.,0
Public transit authority confirmed the completion of the new subway extension connecting downtown to the airport.,0
Agricultural ministry introduced subsidized crop insurance programs for smallholder farmers in drought regions.,0
BANNED KNOWLEDGE: Whistleblower confirms the ocean is actually a giant holographic projection screen!,1
WAKE UP PEOPLE: Secret world government meeting confirms plan to replace oxygen with artificial substitute!,1
HIDDEN CAMERA FOOTAGE: Politicians caught shapeshifting into reptilian forms during closed door session!,1
Space agency engineers successfully launched the next-generation weather observation satellite into low Earth orbit.,0
Space agency engineers successfully launched the next-generation weather observation satellite into low Earth orbit.,0
VIRAL TRUTH: Eating chocolate cake for breakfast proven by shadow scientists to boost IQ by fifty points!,1
Ministry of Health released new guidelines for seasonal influenza vaccination targeting elderly populations.,0
Scientists at the research institute have developed a new solar cell prototype with 30 percent higher efficiency.,0
Billionaire masterminds plot to replace all clouds with artificial holographic projectors next month!,1
Public transit authority confirmed the completion of the new subway extension connecting downtown to the airport.,0
Ministry of Health released new guidelines for seasonal influenza vaccination targeting elderly populations.,0
Billionaire masterminds plot to replace all clouds with artificial holographic projectors next month!,1
Researchers at MIT published a groundbreaking paper on quantum computing error correction techniques.,0
Local hospital chain reported a fifteen percent decrease in emergency room wait times after staffing reforms.,0
UNBELIEVABLE: Man drinks only soda for five years and becomes immortal with super physical strength!,1
The national football team secured a decisive 3-1 victory in the championship quarter-final match yesterday.,0
Researchers at MIT published a groundbreaking paper on quantum computing error correction techniques.,0
Federal aviation authority cleared a new commercial drone delivery service for suburban residential areas.,0
"Ancient Egyptian pyramids were actually power plants built by extraterrestrials from Mars, new leak shows!",1
The central bank announced a 0.25 percent interest rate hike to combat rising inflation across domestic sectors.,0
Federal aviation authority cleared a new commercial drone delivery service for suburban residential areas.,0
EXPOSED: Popular smartphone apps transmit subconscious hypnotic frequencies while you sleep at night!,1
URGENT WARNING: Scientists confirm drinking coffee backwards reverses aging by twenty years instantly!,1
Secret underground laboratory breeds giant flying reptiles to replace traditional postal delivery drones!,1
University researchers published a peer-reviewed study detailing deep sea marine biodiversity preservation.,0
INSIDER LEAK: Major airline secretly uses teleportation technology but charges full ticket prices anyway!,1
SHOCKING SECRET: Secret government cabal uses tap water to control citizen minds! Click here before banned!,1
The education department launched a digital literacy program targeting rural schools with limited internet access.,0
Agricultural ministry introduced subsidized crop insurance programs for smallholder farmers in drought regions.,0
Technology consortium unveiled an open-source framework for benchmark testing large language models safely.,0
Secret underground laboratory breeds giant flying reptiles to replace traditional postal delivery drones!,1
UNBELIEVABLE: Man drinks only soda for five years and becomes immortal with super physical strength!,1
WAKE UP PEOPLE: Secret world government meeting confirms plan to replace oxygen with artificial substitute!,1
SHOCKING DISCOVERY: Ancient cave painting depicts modern smartphones proving time travel already exists!,1
The national census bureau released updated population statistics showing urban migration trends continuing.,0
University researchers published a peer-reviewed study detailing deep sea marine biodiversity preservation.,0
MIRACLE CURE: Eating raw garlic mixed with motor oil cures all known illnesses overnight! Doctors furious!,1
EXPOSED: Popular smartphone apps transmit subconscious hypnotic frequencies while you sleep at night!,1
Celebrity secretly admits on live broadcast that Earth is completely flat and gravity is an illusion!,1
Automotive manufacturer revealed plans for a new electric vehicle assembly plant creating thousands of jobs.,0
University researchers published a peer-reviewed study detailing deep sea marine biodiversity preservation.,0
The national football team secured a decisive 3-1 victory in the championship quarter-final match yesterday.,0
Agricultural ministry introduced subsidized crop insurance programs for smallholder farmers in drought regions.,0
INSIDER LEAK: Major airline secretly uses teleportation technology but charges full ticket prices anyway!,1
BREAKING: Time traveler from the year 2099 arrives with urgent warning about robotic cat uprising!,1
Researchers at MIT published a groundbreaking paper on quantum computing error correction techniques.,0
Agricultural ministry introduced subsidized crop insurance programs for smallholder farmers in drought regions.,0
HIDDEN CAMERA FOOTAGE: Politicians caught shapeshifting into reptilian forms during closed door session!,1
Billionaire masterminds plot to replace all clouds with artificial holographic projectors next month!,1
The central bank announced a 0.25 percent interest rate hike to combat rising inflation across domestic sectors.,0
Scientists at the research institute have developed a new solar cell prototype with 30 percent higher efficiency.,0
BANNED KNOWLEDGE: Whistleblower confirms the ocean is actually a giant holographic projection screen!,1
BREAKING BOMBSHELL: Major tech company implanting microchips in keyboards to read your thoughts remotely!,1
Celebrity secretly admits on live broadcast that Earth is completely flat and gravity is an illusion!,1
"Ancient Egyptian pyramids were actually power plants built by extraterrestrials from Mars, new leak shows!",1
BANNED KNOWLEDGE: Whistleblower confirms the ocean is actually a giant holographic projection screen!,1
INSIDER LEAK: Major airline secretly uses teleportation technology but charges full ticket prices anyway!,1
BREAKING: Time traveler from the year 2099 arrives with urgent warning about robotic cat uprising!,1
Technology consortium unveiled an open-source framework for benchmark testing large language models safely.,0
EXPOSED: Popular smartphone apps transmit subconscious hypnotic frequencies while you sleep at night!,1
Automotive manufacturer revealed plans for a new electric vehicle assembly plant creating thousands of jobs.,0
Government insiders reveal secret moon base has been operational since 1972 with alien ambassadors!,1
The government approved a new infrastructure bill allocating billions for bridge and highway repairs nationwide.,0
Police department announced a community policing initiative resulting in a twenty percent drop in petty crime.,0
Government insiders reveal secret moon base has been operational since 1972 with alien ambassadors!,1
Stock markets closed slightly higher following positive quarterly corporate earnings reports from major retail chains.,0
Government insiders reveal secret moon base has been operational since 1972 with alien ambassadors!,1
SHOCKING SECRET: Secret government cabal uses tap water to control citizen minds! Click here before banned!,1
VIRAL TRUTH: Eating chocolate cake for breakfast proven by shadow scientists to boost IQ by fifty points!,1
BREAKING BOMBSHELL: Major tech company implanting microchips in keyboards to read your thoughts remotely!,1
The central bank announced a 0.25 percent interest rate hike to combat rising inflation across domestic sectors.,0
Space agency engineers successfully launched the next-generation weather observation satellite into low Earth orbit.,0
SHOCKING DISCOVERY: Ancient cave painting depicts modern smartphones proving time travel already exists!,1
INSIDER LEAK: Major airline secretly uses teleportation technology but charges full ticket prices anyway!,1
Technology consortium unveiled an open-source framework for benchmark testing large language models safely.,0
Global trade summit concluded with bilateral agreements signed between participating member nations.,0
WAKE UP PEOPLE: Secret world government meeting confirms plan to replace oxygen with artificial substitute!,1
Automotive manufacturer revealed plans for a new electric vehicle assembly plant creating thousands of jobs.,0
Government insiders reveal secret moon base has been operational since 1972 with alien ambassadors!,1
Ministry of Health released new guidelines for seasonal influenza vaccination targeting elderly populations.,0
Public transit authority confirmed the completion of the new subway extension connecting downtown to the airport.,0
Automotive manufacturer revealed plans for a new electric vehicle assembly plant creating thousands of jobs.,0
"Ancient Egyptian pyramids were actually power plants built by extraterrestrials from Mars, new leak shows!",1
The national census bureau released updated population statistics showing urban migration trends continuing.,0
Public transit authority confirmed the completion of the new subway extension connecting downtown to the airport.,0
UNBELIEVABLE: Man drinks only soda for five years and becomes immortal with super physical strength!,1
URGENT WARNING: Scientists confirm drinking coffee backwards reverses aging by twenty years instantly!,1
BREAKING: Time traveler from the year 2099 arrives with urgent warning about robotic cat uprising!,1
Alien spaceship discovered buried under Antarctic ice shelf by whistleblowers! NASA tries to cover up!,1
The national census bureau released updated population statistics showing urban migration trends continuing.,0
WAKE UP PEOPLE: Secret world government meeting confirms plan to replace oxygen with artificial substitute!,1
BREAKING: Time traveler from the year 2099 arrives with urgent warning about robotic cat uprising!,1
Celebrity secretly admits on live broadcast that Earth is completely flat and gravity is an illusion!,1
EXPOSED: Popular smartphone apps transmit subconscious hypnotic frequencies while you sleep at night!,1
URGENT WARNING: Scientists confirm drinking coffee backwards reverses aging by twenty years instantly!,1
BANNED KNOWLEDGE: Whistleblower confirms the ocean is actually a giant holographic projection screen!,1
Secret underground laboratory breeds giant flying reptiles to replace traditional postal delivery drones!,1
The national football team secured a decisive 3-1 victory in the championship quarter-final match yesterday.,0
Secret underground laboratory breeds giant flying reptiles to replace traditional postal delivery drones!,1
International climate conference participants agreed on new carbon emission reduction targets for 2030.,0
Alien spaceship discovered buried under Antarctic ice shelf by whistleblowers! NASA tries to cover up!,1
Exclusive leaked documents prove that dinosaurs never existed and fossils are manufactured in Chinese factories!,1
VIRAL TRUTH: Eating chocolate cake for breakfast proven by shadow scientists to boost IQ by fifty points!,1
The government approved a new infrastructure bill allocating billions for bridge and highway repairs nationwide.,0
Global trade summit concluded with bilateral agreements signed between participating member nations.,0
Secret underground laboratory breeds giant flying reptiles to replace traditional postal delivery drones!,1
Space agency engineers successfully launched the next-generation weather observation satellite into low Earth orbit.,0
Scientists at the research institute have developed a new solar cell prototype with 30 percent higher efficiency.,0
Federal aviation authority cleared a new commercial drone delivery service for suburban residential areas.,0
URGENT WARNING: Scientists confirm drinking coffee backwards reverses aging by twenty years instantly!,1
Billionaire masterminds plot to replace all clouds with artificial holographic projectors next month!,1
SHOCKING SECRET: Secret government cabal uses tap water to control citizen minds! Click here before banned!,1
BREAKING BOMBSHELL: Major tech company implanting microchips in keyboards to read your thoughts remotely!,1
Federal aviation authority cleared a new commercial drone delivery service for suburban residential areas.,0
Local hospital chain reported a fifteen percent decrease in emergency room wait times after staffing reforms.,0
The government approved a new infrastructure bill allocating billions for bridge and highway repairs nationwide.,0
Space agency engineers successfully launched the next-generation weather observation satellite into low Earth orbit.,0
"Ancient Egyptian pyramids were actually power plants built by extraterrestrials from Mars, new leak shows!",1
University researchers published a peer-reviewed study detailing deep sea marine biodiversity preservation.,0
SHOCKING DISCOVERY: Ancient cave painting depicts modern smartphones proving time travel already exists!,1
Celebrity secretly admits on live broadcast that Earth is completely flat and gravity is an illusion!,1
MIRACLE CURE: Eating raw garlic mixed with motor oil cures all known illnesses overnight! Doctors furious!,1
Stock markets closed slightly higher following positive quarterly corporate earnings reports from major retail chains.,0
UNBELIEVABLE: Man drinks only soda for five years and becomes immortal with super physical strength!,1
Police department announced a community policing initiative resulting in a twenty percent drop in petty crime.,0
International climate conference participants agreed on new carbon emission reduction targets for 2030.,0
Government insiders reveal secret moon base has been operational since 1972 with alien ambassadors!,1
Local hospital chain reported a fifteen percent decrease in emergency room wait times after staffing reforms.,0
Space agency engineers successfully launched the next-generation weather observation satellite into low Earth orbit.,0
Billionaire masterminds plot to replace all clouds with artificial holographic projectors next month!,1
Government insiders reveal secret moon base has been operational since 1972 with alien ambassadors!,1
Celebrity secretly admits on live broadcast that Earth is completely flat and gravity is an illusion!,1
BREAKING BOMBSHELL: Major tech company implanting microchips in keyboards to read your thoughts remotely!,1
Government insiders reveal secret moon base has been operational since 1972 with alien ambassadors!,1
The national football team secured a decisive 3-1 victory in the championship quarter-final match yesterday.,0
URGENT WARNING: Scientists confirm drinking coffee backwards reverses aging by twenty years instantly!,1
Automotive manufacturer revealed plans for a new electric vehicle assembly plant creating thousands of jobs.,0
The national census bureau released updated population statistics showing urban migration trends continuing.,0
Researchers at MIT published a groundbreaking paper on quantum computing error correction techniques.,0
Secret underground laboratory breeds giant flying reptiles to replace traditional postal delivery drones!,1
SHOCKING SECRET: Secret government cabal uses tap water to control citizen minds! Click here before banned!,1
EXPOSED: Popular smartphone apps transmit subconscious hypnotic frequencies while you sleep at night!,1
URGENT WARNING: Scientists confirm drinking coffee backwards reverses aging by twenty years instantly!,1
Billionaire masterminds plot to replace all clouds with artificial holographic projectors next month!,1
Stock markets closed slightly higher following positive quarterly corporate earnings reports from major retail chains.,0
University researchers published a peer-reviewed study detailing deep sea marine biodiversity preservation.,0
Global trade summit concluded with bilateral agreements signed between participating member nations.,0
SHOCKING SECRET: Secret government cabal uses tap water to control citizen minds! Click here before banned!,1
Government insiders reveal secret moon base has been operational since 1972 with alien ambassadors!,1
BANNED KNOWLEDGE: Whistleblower confirms the ocean is actually a giant holographic projection screen!,1
BANNED KNOWLEDGE: Whistleblower confirms the ocean is actually a giant holographic projection screen!,1
Stock markets closed slightly higher following positive quarterly corporate earnings reports from major retail chains.,0
Space agency engineers successfully launched the next-generation weather observation satellite into low Earth orbit.,0
Technology consortium unveiled an open-source framework for benchmark testing large language models safely.,0
Global trade summit concluded with bilateral agreements signed between participating member nations.,0
Space agency engineers successfully launched the next-generation weather observation satellite into low Earth orbit.,0
Exclusive leaked documents prove that dinosaurs never existed and fossils are manufactured in Chinese factories!,1
Secret underground laboratory breeds giant flying reptiles to replace traditional postal delivery drones!,1
Space agency engineers successfully launched the next-generation weather observation satellite into low Earth orbit.,0
SHOCKING DISCOVERY: Ancient cave painting depicts modern smartphones proving time travel already exists!,1
Automotive manufacturer revealed plans for a new electric vehicle assembly plant creating thousands of jobs.,0
EXPOSED: Popular smartphone apps transmit subconscious hypnotic frequencies while you sleep at night!,1
Federal aviation authority cleared a new commercial drone delivery service for suburban residential areas.,0
Local hospital chain reported a fifteen percent decrease in emergency room wait times after staffing reforms.,0
The central bank announced a 0.25 percent interest rate hike to combat rising inflation across domestic sectors.,0
The national football team secured a decisive 3-1 victory in the championship quarter-final match yesterday.,0
Space agency engineers successfully launched the next-generation weather observation satellite into low Earth orbit.,0
The national football team secured a decisive 3-1 victory in the championship quarter-final match yesterday.,0
The education department launched a digital literacy program targeting rural schools with limited internet access.,0
Global trade summit concluded with bilateral agreements signed between participating member nations.,0
Agricultural ministry introduced subsidized crop insurance programs for smallholder farmers in drought regions.,0
BREAKING BOMBSHELL: Major tech company implanting microchips in keyboards to read your thoughts remotely!,1
"Ancient Egyptian pyramids were actually power plants built by extraterrestrials from Mars, new leak shows!",1
Billionaire masterminds plot to replace all clouds with artificial holographic projectors next month!,1
VIRAL TRUTH: Eating chocolate cake for breakfast proven by shadow scientists to boost IQ by fifty points!,1
UNBELIEVABLE: Man drinks only soda for five years and becomes immortal with super physical strength!,1
Public transit authority confirmed the completion of the new subway extension connecting downtown to the airport.,0
INSIDER LEAK: Major airline secretly uses teleportation technology but charges full ticket prices anyway!,1
The national football team secured a decisive 3-1 victory in the championship quarter-final match yesterday.,0
BREAKING: Time traveler from the year 2099 arrives with urgent warning about robotic cat uprising!,1
URGENT WARNING: Scientists confirm drinking coffee backwards reverses aging by twenty years instantly!,1
VIRAL TRUTH: Eating chocolate cake for breakfast proven by shadow scientists to boost IQ by fifty points!,1
Exclusive leaked documents prove that dinosaurs never existed and fossils are manufactured in Chinese factories!,1
Federal aviation authority cleared a new commercial drone delivery service for suburban residential areas.,0
Alien spaceship discovered buried under Antarctic ice shelf by whistleblowers! NASA tries to cover up!,1
VIRAL TRUTH: Eating chocolate cake for breakfast proven by shadow scientists to boost IQ by fifty points!,1
BREAKING BOMBSHELL: Major tech company implanting microchips in keyboards to read your thoughts remotely!,1
Billionaire masterminds plot to replace all clouds with artificial holographic projectors next month!,1
BANNED KNOWLEDGE: Whistleblower confirms the ocean is actually a giant holographic projection screen!,1
BREAKING: Time traveler from the year 2099 arrives with urgent warning about robotic cat uprising!,1
WAKE UP PEOPLE: Secret world government meeting confirms plan to replace oxygen with artificial substitute!,1
SHOCKING SECRET: Secret government cabal uses tap water to control citizen minds! Click here before banned!,1
Global trade summit concluded with bilateral agreements signed between participating member nations.,0
BREAKING BOMBSHELL: Major tech company implanting microchips in keyboards to read your thoughts remotely!,1
EXPOSED: Popular smartphone apps transmit subconscious hypnotic frequencies while you sleep at night!,1
University researchers published a peer-reviewed study detailing deep sea marine biodiversity preservation.,0
BANNED KNOWLEDGE: Whistleblower confirms the ocean is actually a giant holographic projection screen!,1
Scientists at the research institute have developed a new solar cell prototype with 30 percent higher efficiency.,0
Police department announced a community policing initiative resulting in a twenty percent drop in petty crime.,0
International climate conference participants agreed on new carbon emission reduction targets for 2030.,0
Government insiders reveal secret moon base has been operational since 1972 with alien ambassadors!,1
International climate conference participants agreed on new carbon emission reduction targets for 2030.,0
EXPOSED: Popular smartphone apps transmit subconscious hypnotic frequencies while you sleep at night!,1
UNBELIEVABLE: Man drinks only soda for five years and becomes immortal with super physical strength!,1
Government insiders reveal secret moon base has been operational since 1972 with alien ambassadors!,1
Local hospital chain reported a fifteen percent decrease in emergency room wait times after staffing reforms.,0
Alien spaceship discovered buried under Antarctic ice shelf by whistleblowers! NASA tries to cover up!,1
MIRACLE CURE: Eating raw garlic mixed with motor oil cures all known illnesses overnight! Doctors furious!,1
Local hospital chain reported a fifteen percent decrease in emergency room wait times after staffing reforms.,0
"Ancient Egyptian pyramids were actually power plants built by extraterrestrials from Mars, new leak shows!",1
HIDDEN CAMERA FOOTAGE: Politicians caught shapeshifting into reptilian forms during closed door session!,1
Automotive manufacturer revealed plans for a new electric vehicle assembly plant creating thousands of jobs.,0
Secret underground laboratory breeds giant flying reptiles to replace traditional postal delivery drones!,1
Researchers at MIT published a groundbreaking paper on quantum computing error correction techniques.,0
SHOCKING DISCOVERY: Ancient cave painting depicts modern smartphones proving time travel already exists!,1
EXPOSED: Popular smartphone apps transmit subconscious hypnotic frequencies while you sleep at night!,1
The education department launched a digital literacy program targeting rural schools with limited internet access.,0
The education department launched a digital literacy program targeting rural schools with limited internet access.,0
BREAKING: Time traveler from the year 2099 arrives with urgent warning about robotic cat uprising!,1
UNBELIEVABLE: Man drinks only soda for five years and becomes immortal with super physical strength!,1
BREAKING BOMBSHELL: Major tech company implanting microchips in keyboards to read your thoughts remotely!,1
The national football team secured a decisive 3-1 victory in the championship quarter-final match yesterday.,0
Police department announced a community policing initiative resulting in a twenty percent drop in petty crime.,0
Ministry of Health released new guidelines for seasonal influenza vaccination targeting elderly populations.,0
Ministry of Health released new guidelines for seasonal influenza vaccination targeting elderly populations.,0
Exclusive leaked documents prove that dinosaurs never existed and fossils are manufactured in Chinese factories!,1
WAKE UP PEOPLE: Secret world government meeting confirms plan to replace oxygen with artificial substitute!,1
International climate conference participants agreed on new carbon emission reduction targets for 2030.,0
University researchers published a peer-reviewed study detailing deep sea marine biodiversity preservation.,0
"Ancient Egyptian pyramids were actually power plants built by extraterrestrials from Mars, new leak shows!",1
BANNED KNOWLEDGE: Whistleblower confirms the ocean is actually a giant holographic projection screen!,1
UNBELIEVABLE: Man drinks only soda for five years and becomes immortal with super physical strength!,1
Secret underground laboratory breeds giant flying reptiles to replace traditional postal delivery drones!,1
"Ancient Egyptian pyramids were actually power plants built by extraterrestrials from Mars, new leak shows!",1
BANNED KNOWLEDGE: Whistleblower confirms the ocean is actually a giant holographic projection screen!,1
VIRAL TRUTH: Eating chocolate cake for breakfast proven by shadow scientists to boost IQ by fifty points!,1
Celebrity secretly admits on live broadcast that Earth is completely flat and gravity is an illusion!,1
"Ancient Egyptian pyramids were actually power plants built by extraterrestrials from Mars, new leak shows!",1
Billionaire masterminds plot to replace all clouds with artificial holographic projectors next month!,1
HIDDEN CAMERA FOOTAGE: Politicians caught shapeshifting into reptilian forms during closed door session!,1
INSIDER LEAK: Major airline secretly uses teleportation technology but charges full ticket prices anyway!,1
INSIDER LEAK: Major airline secretly uses teleportation technology but charges full ticket prices anyway!,1
VIRAL TRUTH: Eating chocolate cake for breakfast proven by shadow scientists to boost IQ by fifty points!,1
Technology consortium unveiled an open-source framework for benchmark testing large language models safely.,0
The national football team secured a decisive 3-1 victory in the championship quarter-final match yesterday.,0
SHOCKING DISCOVERY: Ancient cave painting depicts modern smartphones proving time travel already exists!,1
Federal aviation authority cleared a new commercial drone delivery service for suburban residential areas.,0
BREAKING: Time traveler from the year 2099 arrives with urgent warning about robotic cat uprising!,1
Agricultural ministry introduced subsidized crop insurance programs for smallholder farmers in drought regions.,0
SHOCKING SECRET: Secret government cabal uses tap water to control citizen minds! Click here before banned!,1
Researchers at MIT published a groundbreaking paper on quantum computing error correction techniques.,0
WAKE UP PEOPLE: Secret world government meeting confirms plan to replace oxygen with artificial substitute!,1
URGENT WARNING: Scientists confirm drinking coffee backwards reverses aging by twenty years instantly!,1
INSIDER LEAK: Major airline secretly uses teleportation technology but charges full ticket prices anyway!,1
UNBELIEVABLE: Man drinks only soda for five years and becomes immortal with super physical strength!,1
BREAKING: Time traveler from the year 2099 arrives with urgent warning about robotic cat uprising!,1
Exclusive leaked documents prove that dinosaurs never existed and fossils are manufactured in Chinese factories!,1
Agricultural ministry introduced subsidized crop insurance programs for smallholder farmers in drought regions.,0
Celebrity secretly admits on live broadcast that Earth is completely flat and gravity is an illusion!,1
The central bank announced a 0.25 percent interest rate hike to combat rising inflation across domestic sectors.,0
MIRACLE CURE: Eating raw garlic mixed with motor oil cures all known illnesses overnight! Doctors furious!,1
WAKE UP PEOPLE: Secret world government meeting confirms plan to replace oxygen with artificial substitute!,1
URGENT WARNING: Scientists confirm drinking coffee backwards reverses aging by twenty years instantly!,1
The central bank announced a 0.25 percent interest rate hike to combat rising inflation across domestic sectors.,0
Exclusive leaked documents prove that dinosaurs never existed and fossils are manufactured in Chinese factories!,1
Secret underground laboratory breeds giant flying reptiles to replace traditional postal delivery drones!,1
Global trade summit concluded with bilateral agreements signed between participating member nations.,0
International climate conference participants agreed on new carbon emission reduction targets for 2030.,0
WAKE UP PEOPLE: Secret world government meeting confirms plan to replace oxygen with artificial substitute!,1
Automotive manufacturer revealed plans for a new electric vehicle assembly plant creating thousands of jobs.,0
Billionaire masterminds plot to replace all clouds with artificial holographic projectors next month!,1
Secret underground laboratory breeds giant flying reptiles to replace traditional postal delivery drones!,1
Automotive manufacturer revealed plans for a new electric vehicle assembly plant creating thousands of jobs.,0
Ministry of Health released new guidelines for seasonal influenza vaccination targeting elderly populations.,0
Secret underground laboratory breeds giant flying reptiles to replace traditional postal delivery drones!,1
MIRACLE CURE: Eating raw garlic mixed with motor oil cures all known illnesses overnight! Doctors furious!,1
EXPOSED: Popular smartphone apps transmit subconscious hypnotic frequencies while you sleep at night!,1
BREAKING BOMBSHELL: Major tech company implanting microchips in keyboards to read your thoughts remotely!,1
SHOCKING DISCOVERY: Ancient cave painting depicts modern smartphones proving time travel already exists!,1
Billionaire masterminds plot to replace all clouds with artificial holographic projectors next month!,1
"Ancient Egyptian pyramids were actually power plants built by extraterrestrials from Mars, new leak shows!",1
Celebrity secretly admits on live broadcast that Earth is completely flat and gravity is an illusion!,1
The education department launched a digital literacy program targeting rural schools with limited internet access.,0
BREAKING: Time traveler from the year 2099 arrives with urgent warning about robotic cat uprising!,1
UNBELIEVABLE: Man drinks only soda for five years and becomes immortal with super physical strength!,1
Exclusive leaked documents prove that dinosaurs never existed and fossils are manufactured in Chinese factories!,1
Global trade summit concluded with bilateral agreements signed between participating member nations.,0
MIRACLE CURE: Eating raw garlic mixed with motor oil cures all known illnesses overnight! Doctors furious!,1
University researchers published a peer-reviewed study detailing deep sea marine biodiversity preservation.,0
International climate conference participants agreed on new carbon emission reduction targets for 2030.,0
BANNED KNOWLEDGE: Whistleblower confirms the ocean is actually a giant holographic projection screen!,1
BANNED KNOWLEDGE: Whistleblower confirms the ocean is actually a giant holographic projection screen!,1
The central bank announced a 0.25 percent interest rate hike to combat rising inflation across domestic sectors.,0
The national census bureau released updated population statistics showing urban migration trends continuing.,0
University researchers published a peer-reviewed study detailing deep sea marine biodiversity preservation.,0
SHOCKING SECRET: Secret government cabal uses tap water to control citizen minds! Click here before banned!,1
Researchers at MIT published a groundbreaking paper on quantum computing error correction techniques.,0
Public transit authority confirmed the completion of the new subway extension connecting downtown to the airport.,0
BREAKING BOMBSHELL: Major tech company implanting microchips in keyboards to read your thoughts remotely!,1
The education department launched a digital literacy program targeting rural schools with limited internet access.,0
Stock markets closed slightly higher following positive quarterly corporate earnings reports from major retail chains.,0
The education department launched a digital literacy program targeting rural schools with limited internet access.,0
WAKE UP PEOPLE: Secret world government meeting confirms plan to replace oxygen with artificial substitute!,1
The government approved a new infrastructure bill allocating billions for bridge and highway repairs nationwide.,0
BREAKING BOMBSHELL: Major tech company implanting microchips in keyboards to read your thoughts remotely!,1
The education department launched a digital literacy program targeting rural schools with limited internet access.,0
The education department launched a digital literacy program targeting rural schools with limited internet access.,0
The national football team secured a decisive 3-1 victory in the championship quarter-final match yesterday.,0
The government approved a new infrastructure bill allocating billions for bridge and highway repairs nationwide.,0
UNBELIEVABLE: Man drinks only soda for five years and becomes immortal with super physical strength!,1
Stock markets closed slightly higher following positive quarterly corporate earnings reports from major retail chains.,0
HIDDEN CAMERA FOOTAGE: Politicians caught shapeshifting into reptilian forms during closed door session!,1
SHOCKING SECRET: Secret government cabal uses tap water to control citizen minds! Click here before banned!,1
SHOCKING DISCOVERY: Ancient cave painting depicts modern smartphones proving time travel already exists!,1
MIRACLE CURE: Eating raw garlic mixed with motor oil cures all known illnesses overnight! Doctors furious!,1
Ministry of Health released new guidelines for seasonal influenza vaccination targeting elderly populations.,0
BREAKING BOMBSHELL: Major tech company implanting microchips in keyboards to read your thoughts remotely!,1
The national census bureau released updated population statistics showing urban migration trends continuing.,0
Police department announced a community policing initiative resulting in a twenty percent drop in petty crime.,0
The central bank announced a 0.25 percent interest rate hike to combat rising inflation across domestic sectors.,0
International climate conference participants agreed on new carbon emission reduction targets for 2030.,0
Federal aviation authority cleared a new commercial drone delivery service for suburban residential areas.,0
University researchers published a peer-reviewed study detailing deep sea marine biodiversity preservation.,0
Celebrity secretly admits on live broadcast that Earth is completely flat and gravity is an illusion!,1
Police department announced a community policing initiative resulting in a twenty percent drop in petty crime.,0
Government insiders reveal secret moon base has been operational since 1972 with alien ambassadors!,1
International climate conference participants agreed on new carbon emission reduction targets for 2030.,0
SHOCKING DISCOVERY: Ancient cave painting depicts modern smartphones proving time travel already exists!,1
Automotive manufacturer revealed plans for a new electric vehicle assembly plant creating thousands of jobs.,0
Secret underground laboratory breeds giant flying reptiles to replace traditional postal delivery drones!,1
BANNED KNOWLEDGE: Whistleblower confirms the ocean is actually a giant holographic projection screen!,1
BREAKING: Time traveler from the year 2099 arrives with urgent warning about robotic cat uprising!,1
Agricultural ministry introduced subsidized crop insurance programs for smallholder farmers in drought regions.,0
Alien spaceship discovered buried under Antarctic ice shelf by whistleblowers! NASA tries to cover up!,1
The government approved a new infrastructure bill allocating billions for bridge and highway repairs nationwide.,0
Billionaire masterminds plot to replace all clouds with artificial holographic projectors next month!,1
Scientists at the research institute have developed a new solar cell prototype with 30 percent higher efficiency.,0
Agricultural ministry introduced subsidized crop insurance programs for smallholder farmers in drought regions.,0
HIDDEN CAMERA FOOTAGE: Politicians caught shapeshifting into reptilian forms during closed door session!,1
VIRAL TRUTH: Eating chocolate cake for breakfast proven by shadow scientists to boost IQ by fifty points!,1
MIRACLE CURE: Eating raw garlic mixed with motor oil cures all known illnesses overnight! Doctors furious!,1
Public transit authority confirmed the completion of the new subway extension connecting downtown to the airport.,0
Scientists at the research institute have developed a new solar cell prototype with 30 percent higher efficiency.,0
Scientists at the research institute have developed a new solar cell prototype with 30 percent higher efficiency.,0
VIRAL TRUTH: Eating chocolate cake for breakfast proven by shadow scientists to boost IQ by fifty points!,1
EXPOSED: Popular smartphone apps transmit subconscious hypnotic frequencies while you sleep at night!,1
Scientists at the research institute have developed a new solar cell prototype with 30 percent higher efficiency.,0
MIRACLE CURE: Eating raw garlic mixed with motor oil cures all known illnesses overnight! Doctors furious!,1
Police department announced a community policing initiative resulting in a twenty percent drop in petty crime.,0
Alien spaceship discovered buried under Antarctic ice shelf by whistleblowers! NASA tries to cover up!,1
Government insiders reveal secret moon base has been operational since 1972 with alien ambassadors!,1
Technology consortium unveiled an open-source framework for benchmark testing large language models safely.,0
"Ancient Egyptian pyramids were actually power plants built by extraterrestrials from Mars, new leak shows!",1
Public transit authority confirmed the completion of the new subway extension connecting downtown to the airport.,0
Scientists at the research institute have developed a new solar cell prototype with 30 percent higher efficiency.,0
INSIDER LEAK: Major airline secretly uses teleportation technology but charges full ticket prices anyway!,1
MIRACLE CURE: Eating raw garlic mixed with motor oil cures all known illnesses overnight! Doctors furious!,1
Alien spaceship discovered buried under Antarctic ice shelf by whistleblowers! NASA tries to cover up!,1
The central bank announced a 0.25 percent interest rate hike to combat rising inflation across domestic sectors.,0
Technology consortium unveiled an open-source framework for benchmark testing large language models safely.,0
The national census bureau released updated population statistics showing urban migration trends continuing.,0
VIRAL TRUTH: Eating chocolate cake for breakfast proven by shadow scientists to boost IQ by fifty points!,1
Secret underground laboratory breeds giant flying reptiles to replace traditional postal delivery drones!,1
University researchers published a peer-reviewed study detailing deep sea marine biodiversity preservation.,0
The national census bureau released updated population statistics showing urban migration trends continuing.,0
Global trade summit concluded with bilateral agreements signed between participating member nations.,0
The government approved a new infrastructure bill allocating billions for bridge and highway repairs nationwide.,0
Federal aviation authority cleared a new commercial drone delivery service for suburban residential areas.,0
INSIDER LEAK: Major airline secretly uses teleportation technology but charges full ticket prices anyway!,1
BREAKING: Time traveler from the year 2099 arrives with urgent warning about robotic cat uprising!,1
Technology consortium unveiled an open-source framework for benchmark testing large language models safely.,0
HIDDEN CAMERA FOOTAGE: Politicians caught shapeshifting into reptilian forms during closed door session!,1
Scientists at the research institute have developed a new solar cell prototype with 30 percent higher efficiency.,0
Local hospital chain reported a fifteen percent decrease in emergency room wait times after staffing reforms.,0
Agricultural ministry introduced subsidized crop insurance programs for smallholder farmers in drought regions.,0
SHOCKING SECRET: Secret government cabal uses tap water to control citizen minds! Click here before banned!,1
University researchers published a peer-reviewed study detailing deep sea marine biodiversity preservation.,0
Local hospital chain reported a fifteen percent decrease in emergency room wait times after staffing reforms.,0
Global trade summit concluded with bilateral agreements signed between participating member nations.,0
SHOCKING SECRET: Secret government cabal uses tap water to control citizen minds! Click here before banned!,1
BREAKING BOMBSHELL: Major tech company implanting microchips in keyboards to read your thoughts remotely!,1
Billionaire masterminds plot to replace all clouds with artificial holographic projectors next month!,1
SHOCKING DISCOVERY: Ancient cave painting depicts modern smartphones proving time travel already exists!,1
Ministry of Health released new guidelines for seasonal influenza vaccination targeting elderly populations.,0
SHOCKING SECRET: Secret government cabal uses tap water to control citizen minds! Click here before banned!,1
BREAKING: Time traveler from the year 2099 arrives with urgent warning about robotic cat uprising!,1
Government insiders reveal secret moon base has been operational since 1972 with alien ambassadors!,1
Space agency engineers successfully launched the next-generation weather observation satellite into low Earth orbit.,0
Billionaire masterminds plot to replace all clouds with artificial holographic projectors next month!,1
VIRAL TRUTH: Eating chocolate cake for breakfast proven by shadow scientists to boost IQ by fifty points!,1
MIRACLE CURE: Eating raw garlic mixed with motor oil cures all known illnesses overnight! Doctors furious!,1
Billionaire masterminds plot to replace all clouds with artificial holographic projectors next month!,1
Public transit authority confirmed the completion of the new subway extension connecting downtown to the airport.,0
MIRACLE CURE: Eating raw garlic mixed with motor oil cures all known illnesses overnight! Doctors furious!,1
BANNED KNOWLEDGE: Whistleblower confirms the ocean is actually a giant holographic projection screen!,1
Agricultural ministry introduced subsidized crop insurance programs for smallholder farmers in drought regions.,0
Alien spaceship discovered buried under Antarctic ice shelf by whistleblowers! NASA tries to cover up!,1
URGENT WARNING: Scientists confirm drinking coffee backwards reverses aging by twenty years instantly!,1
The education department launched a digital literacy program targeting rural schools with limited internet access.,0
The national census bureau released updated population statistics showing urban migration trends continuing.,0
SHOCKING SECRET: Secret government cabal uses tap water to control citizen minds! Click here before banned!,1
HIDDEN CAMERA FOOTAGE: Politicians caught shapeshifting into reptilian forms during closed door session!,1
UNBELIEVABLE: Man drinks only soda for five years and becomes immortal with super physical strength!,1
International climate conference participants agreed on new carbon emission reduction targets for 2030.,0
Scientists at the research institute have developed a new solar cell prototype with 30 percent higher efficiency.,0
Local hospital chain reported a fifteen percent decrease in emergency room wait times after staffing reforms.,0
Federal aviation authority cleared a new commercial drone delivery service for suburban residential areas.,0
The central bank announced a 0.25 percent interest rate hike to combat rising inflation across domestic sectors.,0
Police department announced a community policing initiative resulting in a twenty percent drop in petty crime.,0
VIRAL TRUTH: Eating chocolate cake for breakfast proven by shadow scientists to boost IQ by fifty points!,1
The government approved a new infrastructure bill allocating billions for bridge and highway repairs nationwide.,0
Technology consortium unveiled an open-source framework for benchmark testing large language models safely.,0
"Ancient Egyptian pyramids were actually power plants built by extraterrestrials from Mars, new leak shows!",1
Local hospital chain reported a fifteen percent decrease in emergency room wait times after staffing reforms.,0
The government approved a new infrastructure bill allocating billions for bridge and highway repairs nationwide.,0
Space agency engineers successfully launched the next-generation weather observation satellite into low Earth orbit.,0
EXPOSED: Popular smartphone apps transmit subconscious hypnotic frequencies while you sleep at night!,1
Stock markets closed slightly higher following positive quarterly corporate earnings reports from major retail chains.,0
Alien spaceship discovered buried under Antarctic ice shelf by whistleblowers! NASA tries to cover up!,1
Researchers at MIT published a groundbreaking paper on quantum computing error correction techniques.,0
Celebrity secretly admits on live broadcast that Earth is completely flat and gravity is an illusion!,1
Government insiders reveal secret moon base has been operational since 1972 with alien ambassadors!,1
Federal aviation authority cleared a new commercial drone delivery service for suburban residential areas.,0
International climate conference participants agreed on new carbon emission reduction targets for 2030.,0
University researchers published a peer-reviewed study detailing deep sea marine biodiversity preservation.,0
The education department launched a digital literacy program targeting rural schools with limited internet access.,0
Researchers at MIT published a groundbreaking paper on quantum computing error correction techniques.,0
The national census bureau released updated population statistics showing urban migration trends continuing.,0
Global trade summit concluded with bilateral agreements signed between participating member nations.,0
Scientists at the research institute have developed a new solar cell prototype with 30 percent higher efficiency.,0
WAKE UP PEOPLE: Secret world government meeting confirms plan to replace oxygen with artificial substitute!,1
The central bank announced a 0.25 percent interest rate hike to combat rising inflation across domestic sectors.,0
SHOCKING SECRET: Secret government cabal uses tap water to control citizen minds! Click here before banned!,1
The government approved a new infrastructure bill allocating billions for bridge and highway repairs nationwide.,0
Global trade summit concluded with bilateral agreements signed between participating member nations.,0
Researchers at MIT published a groundbreaking paper on quantum computing error correction techniques.,0
SHOCKING SECRET: Secret government cabal uses tap water to control citizen minds! Click here before banned!,1
Agricultural ministry introduced subsidized crop insurance programs for smallholder farmers in drought regions.,0
The national football team secured a decisive 3-1 victory in the championship quarter-final match yesterday.,0
